Nom;Pays;Categorie;Type;Produit;Prix;Date;Contact;Lien
breizhimpackt.fr;A v√©rifier;Catalogue PDF;Document;Catalogue NEUTRE 2024-25;;2025-12-12;Voir site;https://breizhimpackt.fr/wp-content/uploads/2025/03/Catalogue-NEUTRE-2024-25.pdf
mobicheckin-assets.s3.amazonaws.com;A v√©rifier;Catalogue PDF;Document;100% - BIO;;2025-12-12;Voir site;https://mobicheckin-assets.s3.amazonaws.com/uploads/events/67191ca2d53e491ec0496b88/person_files/pr_sentation_commerciale_VJ3CGXP_Catalogue_et_Tarifs.pdf
exka.com;A v√©rifier;Catalogue PDF;Document;xk candy kush - 7g (12/case);;2025-12-12;Voir site;https://exka.com/wp-content/uploads/2025/09/exka-Maritimes-product-catalog-2025.pdf
afg.asso.fr;A v√©rifier;Catalogue PDF;Document;Guide pro - biodiversit√© et investissement;;2025-12-12;Voir site;https://www.afg.asso.fr/app/uploads/2025/01/AFG-GPBiodiversite-web-1.pdf
congresfrancaispsychiatrie.org;A v√©rifier;Catalogue PDF;Document;Cannes;;2025-12-12;Voir site;https://congresfrancaispsychiatrie.org/wp-content/uploads/2025/12/CFP25_ProgrammeInteractif_2.pdf
ecampus.paris-saclay.fr;A v√©rifier;Catalogue PDF;Document;Addictions;;2025-12-12;Voir site;https://ecampus.paris-saclay.fr/pluginfile.php/3682481/mod_resource/content/0/UE200A%20Indus%20Produits_2024-2025.pdf
salonprimevere.org;A v√©rifier;Catalogue PDF;Document;PROGRAMME;;2025-12-12;Voir site;https://www.salonprimevere.org/downloads/pdf/programme.pdf
expoprotection.com;A v√©rifier;Catalogue PDF;Document;5-7 NOV. 2024;;2025-12-12;Voir site;https://www.expoprotection.com/content/dam/sitebuilder/ref/expoprotection/pdf/GUIDE%20EXPOPROTECTION%202024.pdf.coredownload.303862695.pdf
mongrossistecbd.com;A v√©rifier;Catalogue PDF;Document;catalogue 2024;;2025-12-12;Voir site;https://mongrossistecbd.com/img/pdf/CATALOGUE_2024.pdf
infodrog.ch;A v√©rifier;Catalogue PDF;Document;Cannabis et protection de la jeunesse;;2025-12-12;Voir site;https://www.infodrog.ch/files/content/cannabisregulierung/2024-06_Bericht-Cannabis-Praevention-Jugendschutz_Infodrog_FR.pdf
opus.bibliothek.uni-augsburg.de;A v√©rifier;Catalogue PDF;Document;Over the counter CBD products in Germany;;2025-12-12;Voir site;https://opus.bibliothek.uni-augsburg.de/opus4/files/122853/fphar-2-1571025.pdf
legalink.net;A v√©rifier;Catalogue PDF;Document;GERMANY Rittershaus;;2025-12-12;Voir site;https://www.legalink.net/xms/files/Arquivo/2024-12/PUBLICATIONS/Cannabis_Regulation_and_Cannabis_Derived_Products/Germany_Cannabis_Regulation_and_Cannabis_Derived_Products_Legalink.pdf
menigoute-festival.org;A v√©rifier;Catalogue PDF;Document;Festival International du Film Ornithologique de M√©nigoute;;2025-12-12;Voir site;https://www.menigoute-festival.org/files/theme/images/slide/pages/ESPACE%20PRO/Presse/Catalogue%202024%20Web_compressed.pdf
prodstoragehoeringspo.blob.core.windows.net;A v√©rifier;Catalogue PDF;Document;SANTE/11058/2019-EN CIS - NET;;2025-12-12;Voir site;https://prodstoragehoeringspo.blob.core.windows.net/5f81ee89-8da3-43aa-b6fd-1edb1ff276a3/B.01%20-%204358622-EN%20not%20for%20vote.pdf
cap-sizun.bzh;A v√©rifier;Catalogue PDF;Document;EN CIRCUIT COURT DRE HENTO√ô BERR;;2025-12-12;Voir site;https://www.cap-sizun.bzh/wp-content/uploads/2025/07/CCCSPR_Catalogue_des_producteurs_2025_compressed-1.pdf
douarnenez-communaute.fr;A v√©rifier;Catalogue PDF;Document;Catalogue des producteurs en circuit court;;2025-12-12;Voir site;https://www.douarnenez-communaute.fr/wp-content/uploads/2025/07/CATALOGUE_PRODUCTEUR_ED3_2025_LIGHT.pdf
kse.ua;A v√©rifier;Catalogue PDF;Document;Industrial Hemp Production and Processing;;2025-12-12;Voir site;https://kse.ua/wp-content/uploads/2025/04/Hemp-EU-1.0-Eng.pdf
files.cineyexpo.be;A v√©rifier;Catalogue PDF;Document;PROGRAMME 2025;;2025-12-12;Voir site;https://files.cineyexpo.be/parallele/2025/parallele-2025-catalogue-web.pdf
annabishemp.com;A v√©rifier;Catalogue PDF;Document;IN SYNERGY WITH NATURE - ANNABIS Hemp Cosmetics;;2025-12-12;Voir site;https://www.annabishemp.com/wp-content/uploads/2024/01/Annabis_Product_Catalogue_2024_.pdf
flora-fusion.com;A v√©rifier;Catalogue PDF;Document;Product Data Sheet PRO CBD;;2025-12-12;Voir site;https://flora-fusion.com/wp-content/uploads/2024/12/Pro-COA-2023-compressed.pdf
dsm-firmenich.com;A v√©rifier;Catalogue PDF;Document;HNC 2025 product brochure;;2025-12-12;Voir site;https://www.dsm-firmenich.com/content/dam/dsm-firmenich/health-nutrition-care/human-nutrition/pdfs/HNC_Product_Brochure(2025).pdf
cannara.ca;A v√©rifier;Catalogue PDF;Document;NATIONAL PRODUCT CATALOGUE;;2025-12-12;Voir site;https://www.cannara.ca/wp-content/uploads/2025/03/Cannara-National-Catalogue-March-2025.pdf
prodstoragehoeringspo.blob.core.windows.net;A v√©rifier;Catalogue PDF;Document;SANTE/11058/2019-EN CIS - NET;;2025-12-12;Voir site;https://prodstoragehoeringspo.blob.core.windows.net/7833c356-d374-4362-a07b-74922b5eee67/B-01%20Preliminary%20-%20Amendment%20to%20annex%20III%20in%20Regulation%20767-2009..pdf
assets.ctfassets.net;A v√©rifier;Catalogue PDF;Document;Product portfolio;;2025-12-12;Voir site;https://assets.ctfassets.net/h3ve944t87js/nGjPcuRkBsNQqoSXF6sBB/a9b0ba336d5ab892795dfdc15b84770f/AURORA-UK-Product-catalogue-Online-2025.pdf
hemp-it.coop;A v√©rifier;Catalogue PDF;Document;CATALOGUE VARI√âTAL;;2025-12-12;Voir site;https://www.hemp-it.coop/wp-content/uploads/2023/11/Catalogue-2024-FR-1.pdf
sativa-creations.com;A v√©rifier;Catalogue PDF;Document;SC Catalogue v7 FR;;2025-12-12;Voir site;https://sativa-creations.com/wp-content/uploads/2025/01/SC-Catalogue-v7-FR.pdf
naturetechnologie.com;A v√©rifier;Catalogue PDF;Document;WWW.NATURETECHNOLOGIE.COM;;2025-12-12;Voir site;https://naturetechnologie.com/wp-content/uploads/2025/03/NATURE-ET-TECHNOLOGIE-CATALOGUE-2025-7.pdf
cosmed.fr;A v√©rifier;Catalogue PDF;Document;Asso Cosmed Catalogue 2024;;2025-12-12;Voir site;https://www.cosmed.fr/download/?url=2023/11/ing5_fiches-pedagogiques.pdf
hempoint.cz;A v√©rifier;Catalogue PDF;Document;Hemp seed catalogue 2024 EU REGISTERED;;2025-12-12;Voir site;https://hempoint.cz/wp-content/uploads/2024/02/Hemp-seed-2024.pdf
insphy.com;A v√©rifier;Catalogue PDF;Document;CATALOGUE FABRICANT 2025;;2025-12-12;Voir site;https://www.insphy.com/img/cms/catalogue/Catalogue-insphy.pdf
cbdoilshop.gr;A v√©rifier;Catalogue PDF;Document;PANDA CBD CATALOGUE 2-2024web;;2025-12-12;Voir site;https://cbdoilshop.gr/wp-content/uploads/2024/03/PANDA-CBD-CATALOGUE-2-2024web_2.pdf
hemp-it.coop;A v√©rifier;Catalogue PDF;Document;CATALOGUE VARI√âTAL;;2025-12-12;Voir site;https://www.hemp-it.coop/wp-content/uploads/2023/11/20231109_Catalogue-2024.pdf
kolabu.eu;A v√©rifier;Catalogue PDF;Document;ECOTRIO 2024 CATALOGUE FULL;;2025-12-12;Voir site;https://kolabu.eu/wp-content/uploads/2024/02/ECOTRIO_2024_CATALOGUE_FULL.pdf
aroma-zen.com;A v√©rifier;Catalogue PDF;Document;Aroma-zen.com Catalogue septembre 2025;;2025-12-12;Voir site;https://www.aroma-zen.com/catalogues/catalogue-aroma-zen.pdf
locales.atscaf.fr;A v√©rifier;Catalogue PDF;Document;Catalogue CE 2024;;2025-12-12;Voir site;https://locales.atscaf.fr/4700/Catalogue%20CE%202024.pdf
ecosystem.fr;A v√©rifier;Catalogue PDF;Document;CATALOGUE;;2025-12-12;Voir site;https://www.ecosystem.fr/catalogue-ecosystem-decembre-2024.pdf
kokopelli-semences.fr;A v√©rifier;Catalogue PDF;Document;catalogue;;2025-12-12;Voir site;https://kokopelli-semences.fr/media/image/uploads/medias/catalogue_kokopelli_2025.pdf
cbdoilshop.gr;A v√©rifier;Catalogue PDF;Document;catalogue CANNABIS CANDIES 7-2025web;;2025-12-12;Voir site;https://cbdoilshop.gr/wp-content/uploads/2025/07/catalogue-CANNABIS-CANDIES-7-2025web.pdf
hemp-it.coop;A v√©rifier;Catalogue PDF;Document;VARIETAL CATALOGUE;;2025-12-12;Voir site;https://www.hemp-it.coop/wp-content/uploads/2023/12/Catalogue-2024-EN.pdf
cbdoilshop.gr;A v√©rifier;Catalogue PDF;Document;PANDA CATALOGUE 5-2025web;;2025-12-12;Voir site;https://cbdoilshop.gr/wp-content/uploads/2025/05/PANDA-CATALOGUE-5-2025web_1.pdf
cdn.contemporaryartlibrary.org;A v√©rifier;Catalogue PDF;Document;Catalogue Matthew Galloway Watch History Sumer 2025;;2025-12-12;Voir site;https://cdn.contemporaryartlibrary.org/store/doc/75725/docfile/6a8dbebb0b7d346d6e6a0b8f15826c04.pdf
paulnache.squarespace.com;A v√©rifier;Catalogue PDF;Document;02.02.2024 Robert Jahnke Te Wepu MMXXIII;;2025-12-12;Voir site;https://paulnache.squarespace.com/s/Robert-Jahnke-Te-Wepu-MMXXIII-catalogue.pdf
cbdoilshop.gr;A v√©rifier;Catalogue PDF;Document;golden buds;;2025-12-12;Voir site;https://cbdoilshop.gr/wp-content/uploads/2024/01/golden-buds-CBD-CATALOGUE-1-2024.pdf
qualynature.com;A v√©rifier;Catalogue PDF;Document;L'entreprise;;2025-12-12;Voir site;https://qualynature.com/wp-content/uploads/2025/01/Catalogue-QUALY-NATURE-2025.pdf
ecatalogue-bo.france-securite.fr;A v√©rifier;Catalogue PDF;Document;livret v√™tements 2025 offre plan de vente;;2025-12-12;Voir site;https://ecatalogue-bo.france-securite.fr/storage/media/medias/url/livret-vetements-2025-version-externe-clients.pdf
lejardindesthorains.fr;A v√©rifier;Catalogue PDF;Document;Copie de CATALOGUE PLANTS 2025;;2025-12-12;Voir site;https://www.lejardindesthorains.fr/medias/files/catalogue-plants-2026.pdf
panneau-pocket.s3.gra.perf.cloud.ovh.net;A v√©rifier;Catalogue PDF;Document;La chouette √©picerie vous pr√©sente son catalogue de No√´l 2024 !;;2025-12-12;Voir site;https://panneau-pocket.s3.gra.perf.cloud.ovh.net/source/sign_pdf/645536801675c496b7f9df6.91584503-1734101355.pdf
rogosampaic.com;A v√©rifier;Catalogue PDF;Document;Catalogue g√©n√©ral 2025 - 2027;;2025-12-12;Voir site;https://www.rogosampaic.com/documentos/folletos/folletos/2025/RS_catalogue.pdf
alterfood.fr;A v√©rifier;Catalogue PDF;Document;CATALOGUE 2024;;2025-12-12;Voir site;https://www.alterfood.fr/wp-content/uploads/2025/01/05_ALTERFOOD_MARKETING_241009_HD.pdf
anapack.fr;A v√©rifier;Catalogue PDF;Document;Catalogue entier pour web 2024-25.indd;;2025-12-12;Voir site;https://www.anapack.fr/wp-content/uploads/2025/01/ANAPACK-GOODIES-2025-VEGETAL.pdf
originalsensible.com;A v√©rifier;Catalogue PDF;Document;Original Sensible Seeds;;2025-12-12;Voir site;https://originalsensible.com/pdfs/ORIGINAL-SENSIBLE-CATALOGUE-2024-FRENCH.pdf
royalvelofrance.fr;A v√©rifier;Catalogue PDF;Document;1_RVF_226_2024_web.pdf;;2025-12-12;Voir site;https://www.royalvelofrance.fr/content/catalogues-marques/1_RVF_226_2024_web.pdf
sentier-nature.fr;A v√©rifier;Catalogue PDF;Document;catalogue 2025;;2025-12-12;Voir site;https://www.sentier-nature.fr/catalogue_2025.pdf
7385207.fs1.hubspotusercontent-na1.net;A v√©rifier;Catalogue PDF;Document;CATALOGUE G√âN√âRAL 2024;;2025-12-12;Voir site;https://7385207.fs1.hubspotusercontent-na1.net/hubfs/7385207/Catalogue-actu-2024-1.pdf
pub-mediabox-storage.rxweb-prd.com;A v√©rifier;Catalogue PDF;Document;CATALOGUE 2024;;2025-12-12;Voir site;https://pub-mediabox-storage.rxweb-prd.com/exhibitor/document/exh-719d63f7-3a43-4cc6-aaad-4cbc7ec3329f/7aca4807-baa3-4a47-bf0a-d116a9771a5a.pdf
verveseeds.com;A v√©rifier;Catalogue PDF;Document;hemp seed catalogue;;2025-12-12;Voir site;https://verveseeds.com/wp-content/uploads/2025/01/Verve-Seeds_2025-Seed-Catalogue.pdf
brd.so;A v√©rifier;Catalogue PDF;Document;ONIKHA AVRIL2025 CATALOGUE;;2025-12-12;Voir site;https://brd.so/79WCzV1ox8jLOirda53Kso2WSoLr.pdf
metro.co.in;A v√©rifier;Catalogue PDF;Document;14th DEC - 31st DEC 2024;;2025-12-12;Voir site;https://www.metro.co.in/pdf/trader-catalogue/December-TSC-2/Indore.pdf
annabis.cz;A v√©rifier;Catalogue PDF;Document;INCI catalogue;;2025-12-12;Voir site;https://www.annabis.cz/wp-content/uploads/2025/01/INCI-catalogue_2025.pdf
cbd-evision.com;A v√©rifier;Catalogue PDF;Document;CBD eVision;;2025-12-12;Voir site;https://cbd-evision.com/wp-content/uploads/2025/04/CBD-Poster-Catalogue-1.pdf
lejardindesthorains.fr;A v√©rifier;Catalogue PDF;Document;CATALOGUE PLANTS 2024;;2025-12-12;Voir site;https://www.lejardindesthorains.fr/medias/files/catalogue-plants-2024-compressed.pdf
saint-jean-de-luz.com;A v√©rifier;Catalogue PDF;Document;nouvelle adresse;;2025-12-12;Voir site;https://www.saint-jean-de-luz.com/wp-content/uploads/2025/11/catalogue-noel-2025-sjdl.pdf
verveseeds.com;A v√©rifier;Catalogue PDF;Document;HEMP SEED CATALOGUE;;2025-12-12;Voir site;https://verveseeds.com/wp-content/uploads/2025/04/6P_VerveSeeds_SeedCatalogue_2025_.pdf
annabis.cz;A v√©rifier;Catalogue PDF;Document;INCI catalogue 2025;;2025-12-12;Voir site;https://www.annabis.cz/wp-content/uploads/2025/05/INCI-catalogue-2025.pdf
royalgreendistribution.fr;A v√©rifier;Catalogue PDF;Document;Une s√©lection des lign√©es CBD les plus nobles - CBD Royal;;2025-12-12;Voir site;https://royalgreendistribution.fr/wp-content/uploads/2025/11/CATA_CBDroyal-2025_FR_2025-WEB.pdf
indena.com;A v√©rifier;Catalogue PDF;Document;API isolated from Cannabis sativaregistered EU varieties;;2025-12-12;Voir site;https://www.indena.com/indena_files/2025/06/CBD_wp_2025.pdf
especes-exotiques-envahissantes.fr;A v√©rifier;Catalogue PDF;Document;Guidance for interpretation of the CBD categories of ...;;2025-12-12;Voir site;https://especes-exotiques-envahissantes.fr/wp-content/uploads/2024/07/guidance-for-interpretation-of-the-cbd-categories-KH0420564ENN.pdf
autorite-concurrence.pf;A v√©rifier;Catalogue PDF;Document;Avis n¬∞2024-AO-01 du 31 janvier 2024;;2025-12-12;Voir site;https://autorite-concurrence.pf/wp-content/uploads/2024/02/Avis-n2024-AO-01-du-31-janvier-2024-Cannasbis-V.Def_.pdf
indexpresse-delphes.fr;A v√©rifier;Catalogue PDF;Document;Secteurs & march√©s - Delphes;;2025-12-12;Voir site;https://www.indexpresse-delphes.fr/sites/etudes-indexpresse.gminvent.fr/files/etudes/T3.2201.80-CBD.pdf
health.belgium.be;A v√©rifier;Catalogue PDF;Document;Questions et r√©ponses concernant l'utilisation de chanvre ( ...;;2025-12-12;Voir site;https://www.health.belgium.be/sites/default/files/uploads/fields/fpshealth_theme_file/2025_02_faq_cannabis_fr.pdf
statistique.quebec.ca;A v√©rifier;Catalogue PDF;Document;Enqu√™te qu√©b√©coise sur le cannabis 2024;;2025-12-12;Voir site;https://statistique.quebec.ca/en/fichier/enquete-quebecoise-cannabis-2024-comportements-perceptions.pdf
interchanvre.org;A v√©rifier;Catalogue PDF;Document;InterChanvre;;2025-12-12;Voir site;https://www.interchanvre.org/documents/5.actu_presse/documents_de_reference/201801_Plan_Filiere_InterChanvre.pdf
senat.fr;A v√©rifier;Catalogue PDF;Document;COM(2025) 553 FINAL;;2025-12-12;Voir site;https://www.senat.fr/europe/textes_europeens/e19946.pdf
agencedpc.fr;A v√©rifier;Catalogue PDF;Document;FICHES DE CADRAGE RELATIVES AUX ORIENTATIONS ...;;2025-12-12;Voir site;https://www.agencedpc.fr/sites/default/files/2023-11/14.11.23_fiches_de_cadrage_conso_i_et_ii.pdf
icmagroup.org;A v√©rifier;Catalogue PDF;Document;Sustainable Bonds for Nature: A Practitioner's Guide;;2025-12-12;Voir site;https://www.icmagroup.org/assets/documents/Sustainable-finance/2025-updates/Sustainable-Bonds-for-Nature-A-Practitioners-Guide-June-2025.pdf
leaderseineaval.com;A v√©rifier;Catalogue PDF;Document;Fili√®re-cannabis-th√©rapeutique-en- ...;;2025-12-12;Voir site;https://leaderseineaval.com/wp-content/uploads/2020/07/Fili%C3%A8re-cannabis-th%C3%A9rapeutique-en-Seine-Aval.pdf
pharmaciedelpech.fr;A v√©rifier;Catalogue PDF;Document;Catalogue_en_ligne_delpech_vet.pdf;;2025-12-12;Voir site;https://pharmaciedelpech.fr/wp-content/uploads/2022/05/Catalogue_en_ligne_delpech_vet.pdf
inrs.fr;A v√©rifier;Catalogue PDF;Document;R√©f√©rences en sant√© au travail - septembre 2025;;2025-12-12;Voir site;https://www.inrs.fr/dam/rst/numeros-complets-PDF/RST-183.pdf.pdf
iddri.org;A v√©rifier;Catalogue PDF;Document;Pour un meilleur suivi du cadre mondial sur la biodiversit√© ...;;2025-12-12;Voir site;https://www.iddri.org/sites/default/files/PDF/Publications/Catalogue%20Iddri/Etude/202203-ST0322-revuepost2020.pdf
cdn.greenpeace.fr;A v√©rifier;Catalogue PDF;Document;Monsieur le Premier ministre - Greenpeace France;;2025-12-12;Voir site;https://cdn.greenpeace.fr/site/uploads/2025/04/Demande-prealable-Version-Finale-Consultable.pdf
sciencespo.fr;A v√©rifier;Catalogue PDF;Document;URBAN LAB - SYNTHESES 2024;;2025-12-12;Voir site;https://www.sciencespo.fr/ecole-urbaine/sites/sciencespo.fr.ecole-urbaine/files/Synth%C3%A8se%20OID_GETEC_2024.pdf
sfdermato.org;A v√©rifier;Catalogue PDF;Document;Revue Media;;2025-12-12;Voir site;https://www.sfdermato.org/upload/presse/250424025158_sfd-revue-de-presse-fevrier-2025.pdf
medicalseeds.net;A v√©rifier;Catalogue PDF;Document;C A TALO GU E;;2025-12-12;Voir site;https://medicalseeds.net/img/cms/catalogos/PDFs%20Semillas/Catalogo-FR.pdf
reseauactionclimat.org;A v√©rifier;Catalogue PDF;Document;Biodiversit√© et Climat;;2025-12-12;Voir site;https://reseauactionclimat.org/wp-content/uploads/2024/10/decryptage-cop16-rac-2024.pdf
cat.geves.fr;A v√©rifier;Catalogue PDF;Document;REGLEMENT TECHNIQUE TOURNESOL;;2025-12-12;Voir site;https://cat.geves.fr/CAT_WEB/Data/RT_Chanvre%202024.pdf
phytofrance.com;A v√©rifier;Catalogue PDF;Document;catalogue-particuliers.pdf;;2025-12-12;Voir site;https://www.phytofrance.com/uploads/catalogue-particuliers.pdf
actu-environnement.com;A v√©rifier;Catalogue PDF;Document;Framework for high integrity biodiversity credit markets;;2025-12-12;Voir site;https://www.actu-environnement.com/media/pdf/news-44975-iapb-cadre-credits-biodiversite-cop16.pdf
guillaume-galenne-etiopathe.fr;A v√©rifier;Catalogue PDF;Document;Le CBD fait un tabac;;2025-12-12;Voir site;https://www.guillaume-galenne-etiopathe.fr/wp-content/uploads/2023/06/60ac99e7dd07e.pdf
fibl.org;A v√©rifier;Catalogue PDF;Document;Chanvre biologique;;2025-12-12;Voir site;https://www.fibl.org/fileadmin/documents/shop/1267-chanvre.pdf
terredoc.com;A v√©rifier;Catalogue PDF;Document;Catalogue g√©n√©ral;;2025-12-12;Voir site;https://www.terredoc.com/Catalogue/THE_GENERAL_fr.pdf
medef.com;A v√©rifier;Catalogue PDF;Document;guide des acteurs et outils de la transition √©cologique - agir ...;;2025-12-12;Voir site;https://www.medef.com/uploads/media/node/0020/03/15609-15601-guide-des-acteurs-et-outils-de-la-te-fevrier-2024.pdf
emballagedigest.fr;A v√©rifier;Catalogue PDF;Document;Actualit√© Lin√©aires Parfumerie&cosm√©tique Pharmacie ...;;2025-12-12;Voir site;https://www.emballagedigest.fr/wp-content/uploads/2024/10/PACKAGING_SEPT_2024-avec-compression.pdf
biodiversa.eu;A v√©rifier;Catalogue PDF;Document;2023-2024 Joint Call - BiodivNBS ...;;2025-12-12;Voir site;https://www.biodiversa.eu/wp-content/uploads/2025/10/Biodiversa_2023-2024_BiodivNBS.pdf
meyrin.ch;A v√©rifier;Catalogue PDF;Document;INDEX SEMINUM 2025;;2025-12-12;Voir site;https://meyrin.ch/sites/default/files/2025-02/Index_Seminum_2024-2025_Meyrin.pdf
epic.awi.de;A v√©rifier;Catalogue PDF;Document;Operational perspectives for biodiversity indicators | EPIC;;2025-12-12;Voir site;https://epic.awi.de/60442/1/Ecol%20Sol%20and%20Evidence%20-%202025%20-%20Hillebrand%20-%20Operational%20perspectives%20for%20biodiversity%20indicators.pdf
assets.ctfassets.net;A v√©rifier;Catalogue PDF;Document;CANNABIS IN EUROPE;;2025-12-12;Voir site;https://assets.ctfassets.net/pn8wbiqtnzw9/tw7Q4nf0EWWI0qHFJCyQJ/54045229c9d484dfb9ffa30272401538/EuropeMR_Cannabis_in_Europe_0523.pdf
greenpeace.org;A v√©rifier;Catalogue PDF;Document;MAXIMISING SYNERGIES TO ADDRESS THE CLIMATE ...;;2025-12-12;Voir site;https://www.greenpeace.org/static/planet4-international-stateless/2025/06/fe19dc40-maximizing-synergies-legal-briefing.pdf
cdn.contemporaryartlibrary.org;A v√©rifier;Catalogue PDF;Document;Sumer catalogue Bambury May public;;2025-12-12;Voir site;https://cdn.contemporaryartlibrary.org/store/doc/65794/docfile/b351bf00c3828997cbb264c98309c2c5.pdf
openscience.fr;A v√©rifier;Catalogue PDF;Document;La valorisation du chanvre en France : des trajectoires ...;;2025-12-12;Voir site;https://openscience.fr/IMG/pdf/iste_techinn24v9n1_4.pdf
allier.cci.fr;A v√©rifier;Catalogue PDF;Document;ÔÜç L'ECO en grand | p.8;;2025-12-12;Voir site;https://www.allier.cci.fr/sites/g/files/mwbcuj1471/files/2025-03/CCI%2321_web.pdf
druppie.nl;A v√©rifier;Catalogue PDF;Document;Graphical;;2025-12-12;Voir site;https://druppie.nl/wp-content/uploads/2024/08/Druppie-A-4-spec-sheet-1.pdf
geopium.org;A v√©rifier;Catalogue PDF;Document;Chouvy-IJDP-Policy-Reform-Moroccan-Cannabis.pdf;;2025-12-12;Voir site;http://www.geopium.org/wp-content/uploads/2025/05/Chouvy-IJDP-Policy-Reform-Moroccan-Cannabis.pdf
arb-bfc.fr;A v√©rifier;Catalogue PDF;Document;Plan d'action connaissance 2023 - 2026;;2025-12-12;Voir site;https://www.arb-bfc.fr/content/uploads/2024/03/plan_action_connaissance_20240305.pdf
orbilu.uni.lu;A v√©rifier;Catalogue PDF;Document;Operational perspectives for biodiversity indicators;;2025-12-12;Voir site;https://orbilu.uni.lu/bitstream/10993/66049/1/_Ecol%20Sol%20and%20Evidence%20-%202025%20-%20Hillebrand%20-%20Operational%20perspectives%20for%20biodiversity%20indicators-3.pdf
pays-albigeois-bastides.fr;A v√©rifier;Catalogue PDF;Document;d√©veloppement d'une fili√®re chanvre ...;;2025-12-12;Voir site;https://www.pays-albigeois-bastides.fr/sites/pays-albigeois-bastides.fr/www.pays-albigeois-bastides.fr/files/fichiers/paragraphs/etude_opportunite_ptab_chanvre_ca81_12-2023.pdf
news.royalcollege.ca;A v√©rifier;Catalogue PDF;Document;CBD Adaptation Plan.xlsx;;2025-12-12;Voir site;https://news.royalcollege.ca/content/dam/document/newsroom/CBD%20Adaptations%20Plan.pdf
hemptoday.net;A v√©rifier;Catalogue PDF;Document;Novel Food Status of Whole-Plant CBD Extracts;;2025-12-12;Voir site;https://hemptoday.net/wp-content/uploads/2025/09/Article-4-Submission-Novel-Food-Status-of-Whole-Plant-CBD-Extracts.pdf
api.bienvenue-a-la-ferme.com;A v√©rifier;Catalogue PDF;Document;Dossier de Presse du Mercredi 27 mars 2024;;2025-12-12;Voir site;https://api.bienvenue-a-la-ferme.com/media/info_file/660c1b3e9d14a784049061.pdf
bfr.bund.de;A v√©rifier;Catalogue PDF;Document;Cannabinoide in CBD-√ñlen: Wieviel ist enthalten?;;2025-12-12;Voir site;https://www.bfr.bund.de/cm/343/cannabinoide-in-cbd-oelen-wieviel-ist-enthalten.pdf
assemblee-nationale.fr;A v√©rifier;Catalogue PDF;Document;Document de politique transversale S√©curit√© routi√®re;;2025-12-12;Voir site;https://www.assemblee-nationale.fr/dyn/contenu/visualisation/1090074/file/2-DPT2026_Securite_Routiere.pdf
specialcareaust.com.au;A v√©rifier;Catalogue PDF;Document;April 2025;;2025-12-12;Voir site;https://specialcareaust.com.au/wp-content/uploads/2025/03/SCA-Activity-Planner-202504-April.pdf
agencedpc.fr;A v√©rifier;Catalogue PDF;Document;FICHES DE CADRAGE RELATIVES AUX ORIENTATIONS ...;;2025-12-12;Voir site;https://www.agencedpc.fr/sites/default/files/2024-08/06.08.24_FICHES%20DE%20CADRAGE%20%20CONSO%20I%20et%20II_0.pdf
senat.fr;A v√©rifier;Catalogue PDF;Document;jeudi 3 f√©vrier 2022;;2025-12-12;Voir site;https://www.senat.fr/cra/s20220203/s20220203.pdf
landkreis-bautzen.de;A v√©rifier;Catalogue PDF;Document;Allgemeinverf√ºgung CBD vom 03.07.2024;;2025-12-12;Voir site;https://www.landkreis-bautzen.de/download/Lebensmittelueberwachungsamt/Allgemeinverfuegung_CBD_2024_07_03.pdf
dresden.de;A v√©rifier;Catalogue PDF;Document;Dresdner Amtsblatt - Elektronische Ausgabe;;2025-12-12;Voir site;https://www.dresden.de/media/pdf/amtsblatt/2024/elektronische-ausgabe/06/e21-06-2024.pdf
health.belgium.be;A v√©rifier;Catalogue PDF;Document;Questions and answers on the use of hemp (Cannabis ...;;2025-12-12;Voir site;https://www.health.belgium.be/sites/default/files/uploads/fields/fpshealth_theme_file/2025_02_faq_cannabis_en.pdf
srae-addicto-pdl.fr;A v√©rifier;Catalogue PDF;Document;RA 2023;;2025-12-12;Voir site;https://srae-addicto-pdl.fr/wp-content/uploads/2024/03/RA-2023_SRAE-Addicto_print.pdf
blv.admin.ch;A v√©rifier;Catalogue PDF;Document;Novel Food Gesuche Neuer Entwurf_ Mai 2018_FR;;2025-12-12;Voir site;https://www.blv.admin.ch/dam/blv/fr/dokumente/lebensmittel-und-ernaehrung/rechts-und-vollzugsgrundlagen/novel-food-gesuche.pdf.download.pdf/Novel-Food-Gesuche-fr.pdf
sweetseeds.com;A v√©rifier;Catalogue PDF;Document;GROWING TOGETHER;;2025-12-12;Voir site;https://sweetseeds.com/material/catalogos/2025/fr.pdf
saint-jean-de-luz.com;A v√©rifier;Catalogue PDF;Document;Catalogue No√´l 2024;;2025-12-12;Voir site;https://www.saint-jean-de-luz.com/wp-content/uploads/2024/12/catalogue-noel-2024-web-compressed.pdf
mairie-montagnole.fr;A v√©rifier;Catalogue PDF;Document;PR√âSENTATION DE 3 ENTREPRISES DE MONTAGNOLE;;2025-12-12;Voir site;https://www.mairie-montagnole.fr/wp-content/uploads/2025/05/Document-PDF.pdf
publications.gc.ca;A v√©rifier;Catalogue PDF;Document;H14-657-2025-fra.pdf;;2025-12-12;Voir site;https://publications.gc.ca/collections/collection_2025/sc-hc/H14-657-2025-fra.pdf
publications.gc.ca;A v√©rifier;Catalogue PDF;Document;H14-599-2024-fra.pdf - √† www.publications.gc.ca;;2025-12-12;Voir site;https://publications.gc.ca/collections/collection_2024/sc-hc/H14-599-2024-fra.pdf
Grant Geiser;A v√©rifier;Offre Mail;Newsletter;Low Price of $17/G for THCb and THCh;17.0;1/30/2024;grant@mcnutraceuticals.com;Low Price of $17/G for THCb and THCh
Grant Geiser;A v√©rifier;Offre Mail;Newsletter;This week we are featuring an exclusive promotion on THCb and THCh for as low as $17/g;17.0;1/30/2024;grant@mcnutraceuticals.com;Low Price of $17/G for THCb and THCh
Grant Geiser;A v√©rifier;Offre Mail;Newsletter;THCb and THCh for as low as $17/g;17.0;1/30/2024;grant@mcnutraceuticals.com;Low Price of $17/G for THCb and THCh
Dimitri Schombourg;A v√©rifier;Offre Mail;Newsletter;THCP at 7000 ‚Ç¨/kg and HHCPO at 7000 ‚Ç¨/kg . Don't miss that great offer and much more on HBT;7000.0;2/14/2024;Dimitri Schombourg <info@hemp-benchmark-trading.co;THCP at 7000 ‚Ç¨/kg and HHCPO at 7000 ‚Ç¨/kg . Don't m
Dimitri Schombourg;A v√©rifier;Offre Mail;Newsletter;LEMON SKUNK CBG 300-600 ‚Ç¨/kg;300.0;2/14/2024;Dimitri Schombourg <info@hemp-benchmark-trading.co;THCP at 7000 ‚Ç¨/kg and HHCPO at 7000 ‚Ç¨/kg . Don't m
Dimitri Schombourg;A v√©rifier;Offre Mail;Newsletter;CBG FLOWERS 100-150 ‚Ç¨/kg;100.0;2/14/2024;Dimitri Schombourg <info@hemp-benchmark-trading.co;THCP at 7000 ‚Ç¨/kg and HHCPO at 7000 ‚Ç¨/kg . Don't m
Dimitri Schombourg;A v√©rifier;Offre Mail;Newsletter;Citrus Flower     900 ‚Ç¨/L;900.0;2/14/2024;Dimitri Schombourg <info@hemp-benchmark-trading.co;THCP at 7000 ‚Ç¨/kg and HHCPO at 7000 ‚Ç¨/kg . Don't m
Dimitri Schombourg;A v√©rifier;Offre Mail;Newsletter;CBD isolate 240-275 ‚Ç¨/kg , Green and purple CBD Amnesia flowers;240.0;5/14/2024;Dimitri Schombourg <info@hemp-benchmark-trading.co;"""CBD isolate 240-275 ‚Ç¨/kg , Green and purple CBD Am"""
Magic Farmers;A v√©rifier;Offre Mail;Newsletter;‚Ä¢ Vape pen : 12‚Ç¨ l'unit√©;12.0;9/18/2025;info@magic-farmers.com;üëÄ Des classiques Magic Sauce r√©invent√©s !
